0.0,0.34831002047876986,1.23570064346051,2.991774274213666,0.039240292568310686,1.3015178394609075,1.5,0.0,1.9564681467611231,-0.5380550498004881,-0.26551226597691147,1.6699860070279542,-0.32000000000000006,1.2000000000000002
0.05,0.37362325446724776,1.2318796246114896,3.087774274213666,0.05167055967629486,1.2804782080974673,1.5,0.0,1.9332052682322376,-0.5298487699590156,-0.28153202477323624,1.6667455409666738,-0.5120000000000001,1.9200000000000004
0.1,0.4049378495945338,1.2301926948517923,3.205374274213666,0.07405761230571023,1.2480173455269612,1.5,0.0,1.8949561967917503,-0.5211656619882988,-0.29729842375010695,1.655986586007767,-0.6272000000000002,2.3520000000000003
0.15,0.43968305619892584,1.2324118104454724,3.335934274213666,0.10554785702452008,1.2110711795110278,1.5,0.0,1.8469407626914136,-0.5120135400994197,-0.31279727421264386,1.6442497205326951,-0.6963200000000002,2.6112
0.2,0.4758782105415913,1.239535951816236,3.4742702742136657,0.1453305475569336,1.1744756330071406,1.5,0.0,1.7929089039630322,-0.502400640584328,-0.3280146282415723,1.6361640129394472,-0.7377920000000002,2.7667200000000003
0.25,0.5119211456304062,1.251989484725458,3.6172718742136656,0.19232682387936673,1.14156344995,1.5,0.0,1.7358502947567716,-0.4923356144037364,-0.3429367912454062,1.6347793797650445,-0.7626752000000001,2.8600320000000004
0.3,0.5430187626029614,1.2680088396958853,3.7630728342136655,0.24522658078794524,1.1146067744468704,1.5,0.0,1.6783338747710383,-0.4818275194018383,-0.35755033428465854,1.6419056664106955,-0.6996231885923472,2.9160192
0.35,0.565607525143589,1.2841856905177091,3.9105534102136654,0.29911350407904325,1.0933370764816193,1.5,0.0,1.624042591465719,-0.4708858121548607,-0.37184210615697794,1.655188504140295,-0.5556771349006189,2.9496115200000004
0.4,0.5787153087319111,1.296869489191113,4.0590417558136656,0.35001740442308715,1.0755690568383225,1.5,0.0,1.5745820925432539,-0.4595203394607824,-0.38579924523234527,1.6706132625684174,-0.3647973351798099,2.9697669120000003
0.45,0.5833034988603831,1.3028632096871284,4.208134763173666,0.3963610041958715,1.0586533948205241,1.5,0.0,1.529302469567275,-0.4477413294778817,-0.39940919102767153,1.6847715732299746,-0.1509651271510922,2.9818601472000004
0.5,0.5816477418677364,1.2998627762278827,4.357590567589666,0.4383571141266275,1.0402026958053991,1.5,0.0,1.4863065852933446,-0.43555938252008414,-0.41265969551038423,1.6954465993392651,0.06853942562367774,2.9891160883200003
0.55,0.576765536034976,1.2866845738917116,4.507264050239266,0.4774273396758734,1.0185478143666864,1.5,0.0,1.443292934851936,-0.4229854615173946,-0.42553883412083165,1.7018018277380655,0.2810700628715207,2.993469652992
0.6,0.5719044383490902,1.2633196578571162,4.657068139829026,0.5156586942708632,0.9929739103304176,1.5,0.0,1.3981863226199225,-0.4100308821500017,-0.43803501650357973,1.7043144488540924,0.47730475464441807,2.9960817917952003
0.65,0.5702280132860179,1.2330468976692495,4.806950593582882,0.5553166500694428,0.9637786001037765,1.5,0.0,1.3495539343257144,-0.396707302664928,-0.45013699693795134,1.7045547577411062,0.6063828527866508,2.9976490750771205
0.7,0.5734563989801384,1.1990081666085373,4.950826259683716,0.5985542381254774,0.9343871833013013,1.5,0.0,1.2983388887032838,-0.3830267133843953,-0.4618338844584146,1.7067320921641769,0.6838297116719905,2.877513322016674
0.75,0.5820806469344211,1.1635263453822104,5.0782945279995335,0.6443117210314654,0.9074956911688012,1.5,0.0,1.2472974225316402,-0.3690014259153446,-0.473115152655717,1.7125681988934325,0.7302978270031943,2.5493653663163514
0.8,0.5956442758400313,1.1281269766117508,5.184165440098201,0.6894191594003368,0.88338630229375,1.5,0.0,1.1989214562378476,-0.3546440620698188,-0.4839706491499443,1.7203874688825282,0.7581786962019166,2.117418241973336
0.85,0.6132528569515548,1.0936140679915007,5.267212442822297,0.731985097364241,0.860898272341226,1.5,0.0,1.1536865804848049,-0.3399675425061862,-0.49439060472697544,1.7279729171575475,0.77490721772115,1.66094005448192
0.9,0.6339280258053543,1.0602541909181677,5.328882028019147,0.7712908327438098,0.8386160322981122,1.5,0.0,1.110987803745225,-0.32498507510141866,-0.5043656421301169,1.733614906480655,0.78494433063269,1.2333917039370068
0.95,0.6567939748069213,1.0279862691437758,5.3721252975758516,0.8073812339312887,0.8154808578305512,1.5,0.0,1.0699204571362284,-0.30971014306489486,-0.5138867844990007,1.7364076344660722,0.790966598379614,0.864865391134082
1.0,0.681144216273126,0.9965942475656909,5.400484656633743,0.8406665317941314,0.7909401074220868,1.5,0.0,1.029712035389138,-0.29415649280441963,-0.5229454634481528,1.7361217095872106,0.7945799590277685,0.5671871811578386
1.05,0.7064436466180225,0.9658215784411235,5.41747535636028,0.8716644143194359,0.7648572109565316,1.5,0.0,0.9898546162870292,-0.27833812155538806,-0.5315335267779616,1.7329555035840676,0.7967479754166611,0.33981399453073824
1.1,0.7323044020242525,0.9354336533899352,5.426229021141963,0.9008735302356929,0.7373549061310924,1.5,0.0,0.9500761992428993,-0.2622692647842167,-0.5396432458111066,1.7273174119629893,0.7980487852499967,0.17507329563364754
1.15,0.7584557197472288,0.9052437694473454,5.429334442271948,0.9287267315565346,0.7086776866302673,1.5,0.0,0.9102621659531429,-0.24596438337738336,-0.5472673223478481,1.719679354147665,0.798829271149998,0.06210842259968881
1.2,0.7847160488977233,0.8751175915083316,5.42880875666643,0.9555812738058442,0.679098869135435,1.5,0.0,0.8703832624148363,-0.22943815062760814,-0.5543988952339127,1.7104934290983902,0.7992975626899989,-0.010513712110352166
1.25,0.8109697631769464,0.844967018029917,5.426143997796876,0.9817226946055938,0.6488690963819914,1.5,0.0,0.8304471503512242,-0.21270543902887867,-0.5610315465350696,1.7001523849786662,0.7995785376139993,-0.05329517739107377
1.3,0.8370151383867026,0.8148942711646042,5.4223893925142255,1.0073728124484738,0.6181943516063686,1.5,0.0,0.7904718858207072,-0.1957813068922096,-0.5671593073128381,1.6889769482143937,0.7956712069296386,-0.07509210565301086
1.35,0.862353851726264,0.7854145187845301,5.418243723001656,1.0325653634561454,0.5873857889594559,1.5,0.0,0.7506778300392306,-0.17868098479417985,-0.5727766629961298,1.6772282584899842,0.7774589877530409,-0.08291339025138997
1.4,0.8867128035326158,0.7568358218950959,5.414142922530999,1.0569592241018664,0.5570973073383645,1.5,0.0,0.7117882683439481,-0.1614198618704394,-0.5778785583439899,1.665117957628264,0.7510260845010179,-0.08201600941314716
1.45,0.9099587805954448,0.7293352635803901,5.410335287222722,1.0803802589096314,0.5277224946358733,1.5,0.0,0.6742193696842722,-0.14401347196652944,-0.5824604019949731,1.652769213223825,0.7201822428319388,-0.07615270616554384
1.5,0.9320433071571004,0.7030060380896288,5.406941640816227,1.1027524541838856,0.49948618391228766,1.5,0.0,0.6381943752307643,-0.1264774796584678,-0.5865180705990581,1.640247381058973,0.6873003501805673,-0.067872928129883
1.55,0.9529677362029679,0.6778872443976375,5.404000829830988,1.12405584555404,0.4725040096856171,1.5,0.0,0.6038162356471327,-0.10882766615568683,-0.5900479125283864,1.6275805174695295,0.6538457088446383,-0.0588162197047859
1.6,0.9727615563179954,0.6539830943480818,5.401502481260228,1.1443015823826566,0.44682154095792914,1.5,0.0,0.5711136960006303,-0.09107991509901282,-0.5930467511634784,1.6147735164039398,0.6207104653017348,-0.0499669714151972
1.65,0.9914691549324267,0.6312754769504857,5.399409515152062,1.1635175233000017,0.42244009389080234,1.5,0.0,0.5400704491569918,-0.07325019826645951,-0.5955118877519779,1.601817915382132,0.5884250619388273,-0.04185932216331972
1.7,1.0091419023194332,0.6097322617646457,5.397672880238205,1.181740092811916,0.39933373814856266,1.5,0.0,0.5106435184618254,-0.05535456119970646,-0.5974411038373473,1.5886986084843693,0.5572920673213836,-0.03473269827713206
1.75,1.0258335323427867,0.5893128214921531,5.396240665568774,1.199009755360738,0.37746044173155274,1.5,0.0,0.4827748051008687,-0.037409108764194995,-0.5988326632553277,1.575398309764522,0.5274709674961857,-0.028644293388613136
1.8,1.0415975348043192,0.5699717150697247,5.395063321964899,1.2153685276577473,0.356769308250098,1.5,0.0,0.45639830669818665,-0.019429990655834305,-0.5996853136963703,1.561900388844365,0.4990319313434377,-0.023546872077513506
1.85,1.0564857550042364,0.5516611416680933,5.39409631019117,1.230858615203781,0.3372052152334543,1.5,0.0,0.4314445992136959,-0.0014333868673683903,-0.5999982878326308,1.5481905517499657,0.47198991473028534,-0.01934023547457009
1.9,1.0705477038340403,0.5343325675964277,5.393301129458521,1.2455216590027822,0.3187117329986301,1.5,0.0,0.40784359108325624,0.01656450687252691,-0.5997713040085112,1.5342577264077797,0.4463262861401845,-0.01590361465297002
1.95,1.0838302759399283,0.5179377940337738,5.392645387944348,1.2593983112057818,0.301232914882563,1.5,0.0,0.38552618803302485,0.03454749367430814,-0.5990045664941325,1.520094420778846,0.4220025222288646,-0.013114830283473305
2.0,1.096377694529591,0.502429645752755,5.392102355707307,1.2725279896008108,0.2847143542616197,1.5,0.0,0.36442527222691334,0.05249939006366836,-0.5976987653015043,1.5056967481088896,0.39896885912075086,-0.010860644740821846
2.05,1.1082315758859698,0.48776240278196803,5.391650280253666,1.2849487325284994,0.26910377143099384,1.5,0.0,0.34447625090778533,0.07040404054557327,-0.5958550755635612,1.491064256099666,0.3771697334491195,-0.009041509072816235
2.1,1.1194310519013335,0.473892057927701,5.391271633821064,1.2966971137186507,0.25435130396822636,1.5,0.0,0.3256173358417275,0.08824533214311786,-0.5934751564766219,1.4761996529682286,0.3565471802693152,-0.007572928652047941
2.15,1.130012916038732,0.46077645671093953,5.390952387208248,1.3078081959457848,0.24040961404453443,1.5,0.0,0.3077896555614822,0.10600720889811488,-0.5905611498072247,1.4611084911275856,0.33704293133040325,-0.006384932256319245
2.2,1.1400117740812759,0.44837535836270453,5.390681357412396,1.3183155120055394,0.22723388596170482,1.5,0.0,0.2909372648992672,0.123673686320375,-0.5871156779646831,1.4457988462934537,0.31859968763169816,-0.005420595917034615
2.25,1.1494601902336035,0.4366504443010136,5.390449647272433,1.3282510661374993,0.21478176057763723,1.5,0.0,0.2750070925626012,0.14122886577267071,-0.5831418416410925,1.4302810140446782,0.30116186846385823,-0.0046342027992545744
2.3,1.158388824311881,0.42556529215403704,5.390250178621679,1.337645351231829,0.20301323583439976,1.5,0.0,0.2599488524702308,0.15865694877843348,-0.5786432170209183,1.4145672353797707,0.28467602963747773,-0.003989373015082434
2.35,1.166826558561351,0.4150853276665941,5.390077311714241,1.3465273782679452,0.19189055129546442,1.5,0.0,0.24571493503201558,0.17594225123931787,-0.5736238525626708,1.3986714561092979,0.26909107374474145,-0.0034573381487695573
2.4,1.1748006140783975,0.40517776289898194,5.389926539852369,1.3549247150767487,0.18137806736963855,1.5,0.0,0.23226028850905114,0.19306921754983308,-0.5680882653555653,1.3826091208371523,0.2543583307174109,-0.003015437237445446
2.45,1.1823366574857999,0.39581152643199913,5.389794247165622,1.3628635319772227,0.17144214534919608,1.5,0.0,0.21954229675326145,0.21002243459633418,-0.5620414370544475,1.3663969999476924,0.24043155848905576,-0.0026458537349293835
2.5,1.189458898766146,0.38695718944293955,5.389677518061695,1.370368652226203,0.16205103157894457,1.5,0.0,0.2075206571921243,0.22678664562778814,-0.5554888093966395,1.3500530468107257,0.22726689540828152,-0.0023345820785480795
2.55,1.1961901812007978,0.37858689024913006,5.389573988168384,1.3774636055724812,0.15317474737625236,1.5,0.0,0.19615726138248157,0.24334676398581592,-0.5484362793047444,1.3335962819125116,0.21482278446099462,-0.0020705978662160463
2.6,1.2025520643032719,0.37067425904628587,5.389481728135799,1.3841706835283325,0.14478498532813147,1.5,0.0,0.18541607948277017,0.25968788668167075,-0.5408901935798132,1.3170467005290787,0.20305988196763014,-0.0018452006517022956
2.65,1.2085649005375347,0.36319434397357825,5.389399153202232,1.390510995259434,0.13685501203309255,1.5,0.0,0.1752630493790908,0.27579530780791855,-0.5328573431896528,1.3004252006895674,0.19194095870864497,-0.0016514986713309242
2.7,1.214247906504905,0.3561235392299951,5.389324952814825,1.3965045232441198,0.1293595770613279,1.5,0.0,0.1656659708160145,0.2916545317727636,-0.5243449571574137,1.2837535284128327,0.18143079842964188,-0.0014840077481581095
2.75,1.2196192291829124,0.34943951568837256,5.38925803578538,1.4021701780638423,0.12227482776865523,1.5,0.0,0.15659440464433788,0.30725128634510396,-0.5153606960559555,1.267054237468024,0.17149609676752703,-0.0013383405888979885
2.8,1.2246960077114661,0.3431211542639045,5.3891974874452035,1.4075258518600036,0.11557822955043709,1.5,0.0,0.14801957715191438,0.3225715354985733,-0.5059126451138503,1.2503506611676098,0.1621053624260342,-0.0012109668035194846
2.85,1.2294944311473825,0.33714848216522786,5.389142536056098,1.4125884701314164,0.10924849112054436,1.5,0.0,0.13991428935631248,0.337601492043019,-0.496009306939222,1.2336668939271174,0.15322882166049873,-0.001099027782121128
2.9,1.2340297925469035,0.33150261206927273,5.389092526362937,1.4173740416559404,0.10326549442316782,1.5,0.0,0.13225283108779023,0.3523276300320435,-0.485659593867972,1.2170277805094123,0.14483832664687224,-0.0010001938632227324
2.95,1.238316539685593,0.3261656842028893,5.389046898664236,1.421897706404073,0.09761022881801101,1.5,0.0,0.1250108996641847,0.36673669693544025,-0.4748728199432802,1.2004589110094053,0.1369072680058201,-0.0009125539740206655
3.0,1.2423683226840863,0.3211208112758455,5.389005172156965,1.4261737813760151,0.09226472921453027,1.5,0.0,0.11816552294703818,0.3808157255655799,-0.46365869253359293,1.1839866197284135,0.12941049156370119,-0.0008345301454164479
3.05,1.246198038774794,0.3163520261849651,5.388966931603642,1.4302158043410729,0.0872120178645501,1.5,0.0,0.11169498656506491,0.3945520457470006,-0.4520273035966486,1.1676379861391692,0.12232421931641957,-0.0007648110664607876
3.1,1.2498178744173472,0.3118442323937144,5.388931816592702,1.434036575492747,0.08243604955305961,1.5,0.0,0.1055787650933584,0.40793329571871345,-0.43998912059739465,1.1514408361569257,0.11562597449282194,-0.0007023002187936439
3.15,1.2532393449480117,0.307583156882524,5.388899512832991,1.437648197057415,0.07792165995375516,1.5,0.0,0.09979745698232792,0.4209474332589509,-0.42755497708797763,1.135423741914621,0.10929451057445293,-0.0006460751942300292
3.2,1.256473331929544,0.3035553055605394,5.388869745052369,1.4410621109115063,0.07365451693900968,1.5,0.0,0.0943327230378009,0.43358274652235423,-0.41473606295827703,1.1196160181965857,0.10330974410719126,-0.0005953556124349982
3.25,1.259530118352167,0.29974792102793557,5.388842271168611,1.4442891342733877,0.06962107465377737,1.5,0.0,0.08916722826215621,0.4458278645798452,-0.401543914365758,1.1040477136228397,0.09765269113064477,-0.0005494776751716312
3.3,1.2624194218229317,0.2961489425784415,5.388816877475444,1.4473394935432615,0.06580853017994115,1.5,0.0,0.08428458687520761,0.4576717676516924,-0.38799040335371093,1.088749594602758,0.09230540704876544,-0.0005078738633374366
3.35,1.2651504258691904,0.29274696833362457,5.38879337464353,1.4502228563683623,0.062204782632226785,1.5,0.0,0.0796693103424855,0.4691037970245702,-0.3740877271672124,1.0737531200023314,0.0872509297671472,-0.00047005663826295556
3.4,1.2677318094718886,0.2895312194033164,5.388771594379673,1.4529483620124835,0.05879839453946875,1.5,0.0,0.07530675824736674,0.48011366464368244,-0.35984839727642753,1.0590904044048313,0.08247322592710402,-0.00043560527714839943
3.45,1.2701717749355899,0.28649150596998796,5.388751386620909,1.455524650108972,0.05557855537605011,1.5,0.0,0.07118309185205451,0.4906914623713157,-0.3452852281171315,1.0447941678036283,0.07795714007276669,-0.0004041551752806739
3.5,1.2724780741943575,0.2836181951986762,5.388732617165855,1.457959887875334,0.05253504711806839,1.5,0.0,0.0672852302006329,0.500827670903495,-0.3304113255585839,1.030897669563586,0.07368834659436443,-0.0003753891010709717
3.55,1.27465803364566,0.2809021808780591,5.388715165665545,1.4602617958657849,0.04965821170742202,1.5,0.0,0.06360080862529735,0.5105131683367143,-0.3152400751091294,1.0174346245410597,0.06965330429813263,-0.0003490300062171779
3.6,1.2767185775982064,0.27833485470236385,5.388698923911461,1.4624376723357677,0.046938920314754884,1.5,0.0,0.06011813952435703,0.5197392383770362,-0.29978512987014283,1.0044390993807761,0.06583921346062643,-0.0003248350816744737
3.65,1.278683419951908,0.2758866860816159,5.388943233739641,1.464494416289804,0.04436854429920528,1.5,0.0,0.05682617528773411,0.5284975781841647,-0.2840603982491624,0.9919453872301606,0.0627825933536179,0.0048861965636123736
3.7,1.2805809953724097,0.27352351416768483,5.3897404304328855,1.4665164133081157,0.041966258143295826,1.5,0.0,0.05368721822093856,0.5367803058434435,-0.2680800314432599,0.9800703705397643,0.06061476378337091,0.015943933864890996
3.75,1.2824333274040598,0.27122044989257904,5.391249269024118,1.46860040961445,0.03975290038554158,1.5,0.0,0.050657944741601124,0.5445799674590472,-0.25185841070391723,0.9689432048765186,0.05911087551625437,0.030176771824641624
3.8,1.2842578444813884,0.26895896427552024,5.393536792051857,1.470805249613952,0.03773379305122909,1.5,0.0,0.047709250550984655,0.5518895438619827,-0.23541013439487377,0.9586520116175221,0.058114300345533304,0.04575046055479211
3.85,1.286068484643248,0.26672515466996377,5.396605904207062,1.473163379477201,0.035903823057941014,1.5,0.0,0.04482509019802028,0.558702456926869,-0.2187500048545828,0.9492562093250196,0.05750938410247695,0.06138224310410182
3.9,1.2878762988371226,0.2645087720414952,5.400413869943776,1.4756884011905254,0.034250882440532815,1.5,0.0,0.04200210452617878,0.5650125754918056,-0.20189301507510507,0.940794557725501,0.057203301007378235,0.07615931473428439
3.95,1.28968971636225,0.26230272432696616,5.404885129753312,1.4783800925083566,0.032758249718744276,1.5,0.0,0.03924950094692708,0.5708142208760045,-0.1848543352094289,0.933290441647675,0.05711437521051378,0.0894251961907292
4.0,1.2915145983136234,0.2601028554898367,5.409920623290231,1.4812278190886883,0.03140630771562847,1.5,0.0,0.03658894560513818,0.5761021719902191,-0.16764929891935756,0.9267554000750386,0.05716508387825955,0.10070987073837381
4.05,1.2933541768537242,0.2579078576124663,5.415405000732827,1.4842129452064736,0.030173851002010615,1.5,0.0,0.03405425646443248,0.5808716700353721,-0.15029338957624752,0.9211915568163239,0.05727849469691154,0.10968754885192586
4.1,1.2952089573494074,0.2557192156848054,5.421212561093952,1.4873106368493092,0.02903913623276133,1.5,0.0,0.03169055648477921,0.5851184227851551,-0.1328022263270178,0.9165933764506409,0.05737722257022222,0.11615120722250871
4.15,1.2970766438526236,0.2535411179919,5.427212390997455,1.4904913079385274,0.027980761425565104,1.5,0.0,0.02955229660575139,0.5888386084487401,-0.1151915500379751,0.9129490135089875,0.057384187487967794,0.11999659807004659
4.2,1.2989521336016947,0.25138029239452137,5.433272935103523,1.4937218633594447,0.026978416637254893,1.5,0.0,0.027699277317843416,0.5920288791101348,-0.09747720912909512,0.9102414188715651,0.057224571859149004,0.12121088212137193
4.25,1.3008276116694057,0.2492457516212247,5.439266075150241,1.4969668265496558,0.026013521603606704,1.5,0.0,0.02618975844488042,0.594686363741081,-0.07967514531151267,0.9084492984643397,0.056828451660524276,0.11986280093435336
4.3,1.3026927621121758,0.2471484491189283,5.44507070536022,1.5001893950429415,0.02506975083139118,1.5,0.0,0.02507046623480165,0.5968086707847856,-0.06180137924106083,0.9075479746003817,0.05613364039612706,0.11609260419958828
4.35,1.3045350973799816,0.2451008607623321,5.450575751002367,1.5033524383530763,0.02413343991350056,1.5,0.0,0.024365175250133517,0.5983938903081605,-0.043871996100760514,0.9075101723986635,0.05508835563735775,0.11010091284293597
4.4,1.3063403942960812,0.24311651656423064,5.4556825707870376,1.506419434683404,0.023193865938919644,1.5,0.0,0.024065838004255442,0.599440595720634,-0.025903131125240404,0.9083067375325211,0.053653401949240835,0.10213639569341196
4.45,1.3080932137712378,0.2412095105762451,5.4603067009519455,1.5093553331787932,0.022243397804955822,1.5,0.0,0.024130706678332958,0.5999478450579854,-0.007910955080115948,0.9099072834350292,0.05180365991202253,0.09248260329816067
4.5,1.309777473582836,0.23939401700045565,5.4643789292413,1.512127324577494,0.021277517388577222,1.5,0.0,0.024490911531200626,0.5999151818300491,0.010088340290607163,0.9122807632850836,0.04952877158459474,0.0814445657870829
4.55,1.3113770396085596,0.23768383711792485,5.46784572193822,1.5147055034472516,0.020294718562762853,1.5,0.0,0.025062470612030267,0.5993426354315259,0.028078556836010737,0.9153959625649651,0.04683300845028886,0.06933585393840098
4.6,1.3128763008979958,0.2360919961650947,5.470669060013477,1.5170634083211314,0.01929629689221518,1.5,0.0,0.025758629181036975,0.5982307211155284,0.04604350457550816,0.9192219102024943,0.04373438936630547,0.056466761505137866
4.65,1.3142606974130921,0.23463040293758372,5.472825766744835,1.5191784308619525,0.018286047733159616,1.5,0.0,0.026498900958833806,0.5965804395298893,0.06396701626873094,0.9237282092132435,0.04026317659458385,0.043134134627164075
4.7,1.3155171753018764,0.23330957867335783,5.474306426389563,1.5210320907729826,0.017269893902457006,1.5,0.0,0.027213931683700218,0.5943932758166449,0.08183296196495542,0.9288852906259893,0.03645991454719439,0.02961319289456117
4.75,1.3166345521263514,0.23213845636982453,5.475114001064521,1.522610178820357,0.016255465849632278,1.5,0.0,0.027847088829482353,0.5916711982755081,0.09962526351897118,0.9346645968802441,0.032373189016263584,0.016151493499169802
4.8,1.3176037824823523,0.2311242475056607,5.475262251738004,1.5239027754997627,0.015251657371753435,1.5,0.0,0.02835411309100353,0.588416656592531,0.11732790906032341,0.9410387026190281,0.028057277866122984,0.0029650134696484467
4.85,1.3184181220190434,0.2302723702672632,5.474774060915844,1.524904157191969,0.014268178544581067,1.5,0.0,0.028701880851650586,0.5846325796355535,0.1349249674029171,0.9479813818098093,0.023569842683547476,-0.009763816443196186
4.9,1.3190731943293579,0.22958643171367962,5.473679741382823,1.5256126048872913,0.013315125011523155,1.5,0.0,0.028866902902545493,0.5803223728184193,0.15240060238201028,0.9554676304617536,0.018969780505140664,-0.02188639066040745
4.95,1.3195669701580686,0.22906825562585112,5.472015399424344,1.5260301326323436,0.01240257944041745,1.5,0.0,0.028833865187193723,0.5754899150363334,0.16973908710569222,0.9634736539790673,0.014315320841897171,-0.033286839169586316
5.0,1.3198996717346114,0.22871794780770058,5.469821404218337,1.526162153791064,0.011540257198869502,1.5,0.0,0.028594332081783948,0.5701395551751187,0.18692481810802364,0.9719768275374067,0.009662420121098672,-0.04387990412015455
5.05,1.3200736168582365,0.2285339910841252,5.467140999044103,1.5260171031301386,0.01073720444969159,1.5,0.0,0.028145642907539792,0.5642761081975121,0.2039423293911041,0.9809556369365667,0.005063476362403051,-0.05360810348467147
5.1,1.3200930178537884,0.22851336296638414,5.46401907562183,1.5256060318087037,0.010001553206749642,1.5,0.0,0.027489996935899957,0.5579048508100222,0.22077630634342732,0.9903896062994958,0.0005663630884663938,-0.062438468445468104
5.15,1.3199652204513679,0.22865009646305087,5.460505918166643,1.5249421907758003,0.009340334623096275,1.5,0.0,0.026633714190248195,0.551031516714251,0.23741159952199503,1.0002592178648517,-0.00374316578185623,-0.0702631491037443
5.2,1.3197536540230455,0.2288780565753397,5.45682594656215,1.524043141447638,0.008758754746647501,1.5,0.0,0.02558883419351207,0.5436622914469487,0.2538332382857947,1.0105484221599943,-0.0062201661195777375,-0.07359943208984855
5.25,1.319497942401322,0.22915562417735194,5.453117135152762,1.5230210011225664,0.008237204503193235,1.5,0.0,0.024450317599422556,0.5358038068134476,0.27002644426836725,1.0213380413929545,-0.007548038345722777,-0.07417622818776343
5.3,1.319222573013826,0.22945676334990692,5.449462940793933,1.5219455780690807,0.007762411064270253,1.5,0.0,0.0232779600119259,0.5274631349194865,0.2859766446773364,1.0326657201232603,-0.00816120336266604,-0.0730838871765715
5.35,1.3189424542353,0.22976535316772284,5.445912497106301,1.520859844997678,0.00732524702025561,1.5,0.0,0.022108649376090708,0.5186477818067916,0.3016694854089399,1.0445417896273694,-0.008335327365918497,-0.07100887375264463
5.4,1.318666459748367,0.2300715771526872,5.442493384993382,1.5197897915529723,0.006919336617277866,1.5,0.0,0.020964566986544166,0.5093656806981457,0.3170908439657549,1.0569594352517004,-0.008244903535756767,-0.06838224225837992
5.45,1.318399680963057,0.23036961885327606,5.439219707005691,1.5187506890516351,0.006540144946571624,1.5,0.0,0.01985854566259261,0.4996251848580231,0.3322268421659909,1.0699012188251669,-0.00799999438953259,-0.06547355975382785
5.5,1.3181448544081544,0.23065618998758147,5.436097191000971,1.5177510694970726,0.006184374268446424,1.5,0.0,0.018797525193017403,0.48943506007521653,0.3470638586329166,1.0833432688182807,-0.007669669826025487,-0.06245032009439611
5.55,1.3179032639925483,0.23092959053432388,5.433126414449235,1.5167952502176645,0.005849561427111849,1.5,0.0,0.017784763106758368,0.4788044767742181,0.36158854105318,1.0972579766760049,-0.007296952456245194,-0.05941553103472859
5.6,1.3176753097823766,0.2311891090917263,5.430304839667122,1.5158849339283968,0.005533808920264532,1.5,0.0,0.016821241543819906,0.46774300176245515,0.3757878181929902,1.1116157345715656,-0.006908342885852114,-0.056431495642253
5.65,1.3174608653642217,0.2314346409741491,5.427628096635403,1.515020221415033,0.0052356053510252965,1.5,0.0,0.015906558859423395,0.45626058962081145,0.3896489116613435,1.1263860563703132,-0.0065198869242911305,-0.05353486063437122
5.7,1.3172595013818285,0.23166644561687028,5.42509078965868,1.5142002512693864,0.004953705719857454,1.5,0.0,0.015039492560344531,0.4443675737451752,0.40315934740971365,1.1415383002651525,-0.006141037234615033,-0.05074613953447265
5.75,1.317070624488466,0.23188499305972426,5.4226870026836975,1.5134236029499393,0.00468705171518613,1.5,0.0,0.01421835327801527,0.4320746570470794,0.41630696695785513,1.15704213295351,-0.005777108814079797,-0.0480757394996473
5.8,1.3168935629333964,0.23209086733854964,5.4204106139246875,1.5126885497347358,0.004434718664759363,1.5,0.0,0.01344120619611306,0.41939290232180565,0.42907993833561175,1.1728678251369011,-0.005430838350220047,-0.045527775180192576
5.85,1.3167276185564292,0.23228470618426755,5.418255489846561,1.511993216538449,0.004195880199322544,1.5,0.0,0.012706008562298225,0.4063337222926143,0.44146676673089286,1.1889864361817004,-0.0051033727810646376,-0.043102481562533095
5.9,1.3165720977045179,0.2324671638445313,5.41621560286606,1.5113356774917754,0.003969784645142527,1.5,0.0,0.012010694165049485,0.392908869340063,0.4534563048342291,1.2053699253856143,-0.00479489450011688,-0.040797739610009036
5.95,1.3164263289819804,0.23263888859411827,5.414285100869667,1.5107140154315204,0.003755739159882504,1.5,0.0,0.011353224357156522,0.37913042492565835,0.4650377628705971,1.2219912142486093,-0.004505015431312015,-0.03861003992786468
6.0,1.3162896728299247,0.2328005095436049,5.412458346351557,1.5101263573536599,0.0035530989675886804,1.5,0.0,0.010731618029332797,0.3650107887193565,0.47620071830948896,1.2388242157781022,-0.004233024224246434,-0.03653509036219834
6.05,1.3161615260838746,0.23295262930444566,5.410729936454724,1.5095708947416044,0.00336125994509362,1.5,0.0,0.010143968383890119,0.3505626674406968,0.4869351252444861,1.2558438414674762,-0.0039780402291312794,-0.03456819793665474
6.1,1.3160413234898822,0.23309582031556986,5.409094711067823,1.5090458944191123,0.00317965340885365,1.5,0.0,0.009588451472587306,0.3357990634236102,0.49723132343389853,1.273025993095005,-0.00373910841079725,-0.03270450773803055
6.15,1.3159285374202463,0.23323062343417664,5.40754775351264,1.5085497035064752,0.0030077423467472775,1.5,0.0,0.009063329635021083,0.3207332629151992,0.5070800469943277,1.2903475442111136,-0.0035152569345652997,-0.03093915110365304
6.2,1.3158226765628995,0.23335754790320104,5.40608438669757,1.5080807507445244,0.002845018600495408,1.5,0.0,0.008566951816853921,0.3053788241190107,0.5164724327393383,1.3077863146797633,-0.003305531240531134,-0.02926733630139809
6.25,1.3157232840637878,0.23347707213353516,5.404700166559826,1.5076375456173061,0.002691000676168509,1.5,0.0,0.008097752014946571,0.28974956499356735,0.5254000281557267,1.325321040637473,-0.003109013381549654,-0.027684402754872363
6.3,1.3156299354159056,0.23358964494687673,5.403390873951093,1.5072186761754969,0.0025452319728878348,1.5,0.0,0.007654246633242013,0.27385955081713775,0.5338547990102136,1.3429313415547823,-0.002924832191089158,-0.02618585217467778
6.35,1.3155422362720113,0.2336956870575256,5.402152505697043,1.5068228061273667,0.0024072792934591025,1.5,0.0,0.007235031240316114,0.2577230815299388,0.5418291365797085,1.3605976856174338,-0.0027521678052516703,-0.024767365080984358
6.4,1.3154598202850436,0.23379559265574879,5.400981265291514,1.5064486715516627,0.0022767315486558193,1.5,0.0,0.0068387770343731015,0.24135467886514905,0.5493158644986514,1.378301354316315,-0.0025902527648219483,-0.023424808110582413
6.45,1.3153823470348165,0.23388973100887783,5.399873553514534,1.506095077452269,0.002153198598042222,1.5,0.0,0.006464227204528706,0.22476907328033227,0.5563082452172542,1.3960244069000953,-0.0024383710981401843,-0.02215423553959668
6.5,1.315309500071511,0.2339784480302135,5.398825959154171,1.5057608942894332,0.002036310190418361,1.5,0.0,0.006110193303458186,0.20798119070102047,0.5627999860648415,1.413749645172802,-0.002295856261835733,-0.020951887207270124
6.55,1.315240985089368,0.23406206778719782,5.397835249942444,1.5054450545686395,0.0019257149800090967,1.5,0.0,0.005775551700027768,0.19100613908838748,0.5687852449128296,1.4314605789907593,-0.0021620884844195326,-0.019814184234529904
6.6,1.3151765282337329,0.2341408939337182,5.396898363771076,1.5051465495343983,0.001821079602910225,1.5,0.0,0.00545924015135358,0.17385919484310206,0.5742586354322486,1.449141392716672,-0.0020364918476278495,-0.018737723427375924
6.65,1.3151158745386382,0.2342152110597322,5.396012400224364,1.5048644259949997,0.0017220878036823817,1.5,0.0,0.0051602545154692155,0.1565557890576014,0.5792152319410737,1.4667769128145134,-0.001918531307808439,-0.017719270934232534
6.7,1.3150587864888252,0.23428528595649692,5.395174612448285,1.5045977832910524,0.0016284396054171146,1.5,0.0,0.004877645614430381,0.13911149362914818,0.5836505738370069,1.4843525767115198,-0.0018077097762667497,-0.01675575552158371
6.75,1.315005042698433,0.23435136879873802,5.394382399363225,1.5043457704124632,0.0015398505187800282,1.5,0.0,0.00461051625070639,0.12154200724617285,0.5875606696117187,1.5018544030088978,-0.0017035653253564382,-0.015844261701191183
6.8,1.3149544366979313,0.23441369424685152,5.39363329822032,1.5041075832635147,0.0014560507869075257,1.5,0.0,0.004358018375450009,0.10386314126051431,0.5909420004429355,1.5192689630878935,-0.0016056685547539045,-0.014982022858102816
6.85,1.3149067758207968,0.2344724824731795,5.392924977496594,1.5038824620727482,0.0013767846639004544,1.5,0.0,0.004119350404745868,0.08609080545827404,0.5937915233611419,1.5365833541306297,-0.001513620132532846,-0.014166414474520841
6.9,1.314861880181694,0.23452794011684439,5.3922552301211155,1.5036696889426489,0.0013018097251853988,1.5,0.0,0.0038937546785058935,0.06824099374207637,0.5961066739880487,1.5537851735539188,-0.0014270485137251549,-0.013394947509555446
6.95,1.3148195817383768,0.2345802611717585,5.391621967022511,1.503468585533219,0.0012308962083476538,1.5,0.0,0.003680515055937294,0.050329769737638676,0.5978853688443599,1.5708624948378964,-0.0013456078320813894,-0.012665261972088449
7.0,1.3147797234300551,0.23462962781237276,5.391023210987059,1.503278510873123,0.0011638263832358109,1.5,0.0,0.003478954641196359,0.0323732523375957,0.5991260072247626,1.5878038447189318,-0.0012689759568723865,-0.011975120709044936
7.05,1.3147421583855405,0.2346762111615652,5.390457090815984,1.5030988592919585,0.0011003939502587656,1.5,0.0,0.0032884336327686113,0.014387601195577873,0.5998274726384554,1.6045981817069999,-0.0011968527046151978,-0.011322403421506802
7.1,1.3147067491950395,0.2347201720048489,5.389921835770257,1.5029290584672887,0.001040403465865286,1.5,0.0,0.00310834729021395,-0.0036109978163820305,0.5999891338139134,1.6212348758809578,-0.0011289581948230184,-0.010705100914541552
7.15,1.3146733672400042,0.23476166145482807,5.389415770291146,1.5027685675802462,0.0009836697942410821,1.5,0.0,0.0029381240121024183,-0.021606347174043295,0.5996108452669904,1.6377036899105495,-0.001065031338796879,-0.010121309582218366
7.2,1.3146418920759513,0.23480082156957124,5.388937308984831,1.5026168755737543,0.0009300175842826275,1.5,0.0,0.002777223519198086,-0.03958225227763154,0.598692947431845,1.653994761250929,-0.0010048284508020816,-0.009569226126299065
7.25,1.314612210863626,0.23483778592831178,5.388484951859578,1.5024734995076816,0.0008792807709258887,1.5,0.0,0.0026251351372112612,-0.057522536025891795,0.5972362663545726,1.6700985854538286,-0.0009481219715210169,-0.009047142505061188
7.3,1.3145842178443155,0.2348726801676369,5.388057279804212,1.5023379830055288,0.0008313020999222154,1.5,0.0,0.0024813761737141967,-0.0754110533743845,0.5952421129498195,1.6860060005388406,-0.0008946992943333891,-0.008553441107327402
7.35,1.3145578138555056,0.23490562248108796,5.38765295029692,1.5022098947875218,0.000785932675166523,1.5,0.0,0.0023454903840796817,-0.0932317058649326,0.5927122818210491,1.7017081723684702,-0.0008443616856723609,-0.008086590145825048
7.4,1.3145329058834285,0.23493672408487237,5.387270693333752,1.5020888272852706,0.0007430315276965305,1.5,0.0,0.0022170465215781976,-0.11096845611315363,0.5896490496455185,1.717196580971466,-0.0007969232914048355,-0.007645139263371915
7.45,1.3145094066493679,0.23496608965217872,5.386909307566504,1.5019743953334161,0.000702465205497077,1.5,0.0,0.00209563696702208,-0.12860534224101994,0.5860551731254234,1.7324630077601968,-0.0007522102218568629,-0.00722771534496889
7.5,1.3144872342268807,0.23499381771839326,5.386567656640073,1.5018662349339384,0.0006641073832574507,1.5,0.0,0.0019808764335892595,-0.14612649224146845,0.5819338865070534,1.7474995235895376,-0.0007100597087406858,-0.0068330185286203104
7.55,1.3144663116873554,0.235020001059337,5.386244665719694,1.501764002089056,0.0006278384912516977,1.5,0.0,0.0018724007427072988,-0.163516138262142,0.5772888986701858,1.7622984776066732,-0.0006703193278335068,-0.006459818407578389
7.6,1.314446566771559,0.2350447270444777,5.3859393181988615,1.5016673716988609,0.0005935453625263987,1.5,0.0,0.00176986566708856,-0.18075863079538784,0.5721243897903467,1.776852486843282,-0.0006328462818035715,-0.006106950416649179
7.65,1.3144279315850476,0.23506807796691812,5.3856506525791,1.5015760365200697,0.0005611208976059878,1.5,0.0,0.0016729458372354508,-0.1978384527617604,0.5664450075769338,1.7911544265038473,-0.0005975067380820111,-0.005773312395229136
7.7,1.3144103423154974,0.23509013135182308,5.38537775951311,1.5014897061824586,0.0005304637459421779,1.5,0.0,0.0015813337079232622,-0.2147402334743413,0.560255863090593,1.805197420906066,-0.000564175217136456,-0.005457861319802406
7.75,1.3143937389701954,0.23511096024481778,5.385119779003173,1.5014081062597646,0.0005014780033626987,1.5,0.0,0.0014947385813729914,-0.2314487624713262,0.553562526143607,1.8189748350316743,-0.000532734026920779,-0.005159610198751576
7.8,1.3143780651320827,0.23513063348177243,5.384875897747049,1.5013309773919983,0.000474072924792901,1.5,0.0,0.0014128856839929526,-0.24794900320441068,0.5463710202874408,1.832480266648247,-0.0005030727396536738,-0.004877625122464868
7.85,1.3143632677328838,0.23514921594127908,5.384645346623954,1.5012580744563075,0.00044816265155117607,1.5,0.0,0.0013355152937570226,-0.26422610657066586,0.5386878173919539,1.845707538964814,-0.0004750877074261637,-0.004611022461902455
7.9,1.3143492968419885,0.23516676878102682,5.384427398313506,1.5011891657836742,0.00042366595254073047,1.5,0.0,0.0012623819154296322,-0.2802654242757346,0.5305198318211511,1.8586506937863116,-0.00044868161344847684,-0.004358966208953419
7.95,1.3143361054698657,0.23518334965918988,5.3842213650409,1.5011240324188928,0.0004005059786866272,1.5,0.0,0.0011932535010154993,-0.2960525220163047,0.5218744142107231,1.871303985133993,-0.0004237630560321779,-0.004120665452120064
8.0,1.3143236493848927,0.2351990129418584,5.384026596441836,1.5010624674214228,0.00037861002999062254,1.5,0.0,0.001127910712953072,-0.311573192470005,0.5127593448529721,1.8836618733009833,-0.00040024616266114577,-0.0038953719812729517
8.05,1.314311886942584,0.23521380989746507,5.383842477541065,1.5010042752048336,0.00035790933459969865,1.5,0.0,0.0010661462276991627,-0.3268134680810418,0.503182826695071,1.8957190193141058,-0.0003780502317367564,-0.0036823780154233146
8.1,1.3143007789262848,0.23522778887908868,5.383668426838681,1.5009492709127021,0.0003383388393090325,1.5,0.0,0.0010077640774940003,-0.34175963363005385,0.49315347795696557,1.907470279774948,-0.0003570993997962866,-0.0034810140476844082
8.15,1.3142902883984742,0.23524099549545122,5.383503894498591,1.5008972798289353,0.0003198370109428472,1.5,0.0,0.0009525790282086755,-0.3563982385768813,0.4826803243755606,1.9189107020549347,-0.0003373223321946233,-0.0032906468018056917
8.2,1.3142803805618966,0.23525347277136407,5.383348360633847,1.5008481368206057,0.00030234564808151454,1.5,0.0,0.000900415991295671,-0.3707161091651497,0.4717727910821615,1.930035519820824,-0.0003186519354131561,-0.0031106772948826366
8.25,1.3142710226298011,0.23526526129832442,5.383201333683794,1.5008016858114968,0.00028580970262293004,1.5,0.0,0.0008511094679702596,-0.38470036027775617,0.46044069412049643,1.9408401488686249,-0.0003010250893182643,-0.0029405390010584214
8.3,1.3142621837046307,0.23527639937591122,5.383062348878232,1.5007577792846551,0.00027017711069038386,1.5,0.0,0.0008045030238560138,-0.39833840703260714,0.44869423161293814,1.9513201832454365,-0.00028438239783537897,-0.002779696111249322
8.35,1.3142538346645523,0.23528692314458388,5.382930966784025,1.5007162778123446,0.0002553986324207169,1.5,0.0,0.0007604487924242973,-0.4116179761081654,0.43654397458287947,1.9614713916401108,-0.00026866795663474223,-0.002627641884136017
8.4,1.314245948057272,0.23529686671044336,5.3828067719298325,1.500677049611879,0.00024142770018525939,1.5,0.0,0.000718807005643634,-0.42452711678860544,0.4240008574415313,1.9712897140249312,-0.0002538291365425698,-0.0024838970838613143
8.45,1.314238498000621,0.23530626226247542,5.382689371504828,1.5006399701259088,0.00022822027481914087,1.5,0.0,0.000679445550352797,-0.43705421171865716,0.4110761681476842,1.9807712585317938,-0.00023981638150021722,-0.002348008500084614
8.5,1.3142314600894394,0.23531514018275945,5.382578394127516,1.500604921625803,0.00021573470945135398,1.5,0.0,0.0006422395489428172,-0.4491879873584364,0.3977815380493132,1.9899122985474742,-0.00022658301999083585,-0.002219547546230947
8.55,1.314224811308321,0.23532352915009216,5.382473488680918,1.5005717928368538,0.0002039316205498798,1.5,0.0,0.0006070709630162225,-0.46091752412887177,0.38412893141614685,1.998709270013705,-0.00021408508894169817,-0.002098108931964795
8.6,1.3142185299498184,0.23533145623744423,5.382374323210613,1.5005404785840946,0.00019277376580970063,1.5,0.0,0.0005738282187635208,-0.4722322662385915,0.3701306346726302,2.0071587689187793,-0.0002022811691926666,-0.00198330940610012
8.65,1.3142125955377335,0.23533894700363922,5.382280583882297,1.5005108794575945,0.00018222592853481268,1.5,0.0,0.0005424058528652355,-0.48312203118341746,0.3557992453409773,2.0152575489683504,-0.00019113223169327624,-0.0018747865663355165
8.7,1.3142069887551533,0.2353460255796175,5.382191973995678,1.5004829014961576,0.00017225480817742445,1.5,0.0,0.0005127041777979628,-0.4935770189099378,0.3411476607042453,2.0230025194240246,-0.00018060149366024215,-0.0017721977323774862
8.75,1.3142016913769106,0.23535271474962283,5.382108213051719,1.5004564558884022,0.00016282891671634547,1.5,0.0,0.0004846289654736047,-0.5035878206348885,0.3261890661996557,2.0303907430991286,-0.0001706542839857814,-0.0016752188791701631
8.8,1.3141966862061762,0.235359036027627,5.382029035870363,1.5004314586902734,0.00015391848057144664,1.5,0.0,0.00045809114821599817,-0.5131454273124253,0.3109369235525888,2.03741943450187,-0.00016125791724610353,-0.0015835436271206295
8.85,1.3141919570149112,0.23536500972928645,5.381954191756045,1.500407830558072,0.00014549534776422957,1.5,0.0,0.00043300653611497337,-0.5222412377416588,0.2954049586619363,2.044085958116816,-0.00015238157570789156,-0.0014968822863461327
8.9,1.314187488487924,0.23537065503970508,5.381883443708439,1.5003854964961516,0.00013753290005255603,1.5,0.0,0.0004092955498683448,-0.5308670663071502,0.2796071492477255,2.050387826816307,-0.0001439961987790199,-0.0014149609521283799
8.95,1.3141832661703017,0.23537599007726007,5.381816567675995,1.5003643856184734,0.0001300059697774414,1.5,0.0,0.0003868829682578696,-0.5390151503454176,0.2635577122721072,2.05632270039408,-0.00013607437939136427,-0.0013375206488905529
9.0,1.3141792764179931,0.23538103195372953,5.381753351849987,1.500344430923254,0.0001228907611743879,1.5,0.0,0.00036569768945904753,-0.5466781571308053,0.24727109114505588,2.0618883842139786,-0.00012859026684325684,-0.0012643165201495616
9.05,1.3141755063513463,0.2353857968309465,5.381693595996886,1.500325569079989,0.0001161647759152784,1.5,0.0,0.00034567250542725755,-0.5538491904744434,0.2307619427262729,2.06708282796719,-0.00012151947566447175,-0.0011951170620246947
9.1,1.3141719438114088,0.235390299974188,5.381637110826986,1.5003077402281655,0.00010980674265664847,1.5,0.0,0.0003267438886409501,-0.5605217969303538,0.21404512413499915,2.0719041245320113,-0.0001148390000990713,-0.0011297033980017068
9.15,1.3141685773188185,0.2353945558024957,5.381583717397348,1.5002908877870273,0.00010379655038220137,1.5,0.0,0.0003088517905289098,-0.5666899716031127,0.19713567937961732,2.076350508930618,-0.00010852713383284793,-0.0010678685927734738
9.2,1.31416539603512,0.23539857793611088,5.3815332465471934,1.5002749582757782,9.811518533930919e-05,1.5,0.0,0.00029193945093644184,-0.5723481635518547,0.180048825819052,2.080420357377831,-0.00010256339461758716,-0.0010094170030829912
9.25,1.3141623897263568,0.23540237924119609,5.381485538364013,1.5002599011436535,9.274467137854181e-05,1.5,0.0,0.00027595321803070726,-0.5774912807857421,0.16279994046818064,2.0841121864172907,-9.69284534715464e-05,-0.000954163663607499
9.3,1.3141595487287965,0.2354059718720037,5.381440441678713,1.5002456686093155,8.766801351495213e-05,1.5,0.0,0.00026084237806897674,-0.5821146948464141,0.14540454615955528,2.087424652140908,-9.160406815742516e-05,-0.0009019337060169673
9.35,1.3141568639166588,0.2354093673106428,5.381397813588241,1.5002322155090602,8.286914453897731e-05,1.5,0.0,0.00024655899449156697,-0.5862142449732876,0.12787829757389774,2.0903565494878524,-8.657302066149262e-05,-0.0008525618094396999
9.4,1.314154326671722,0.23541257640458507,5.381357519004208,1.500219499153351,7.833287451583515e-05,1.5,0.0,0.0002330577558283533,-0.5897862418479594,0.11023696715195085,2.0929068116197405,-8.18190584163027e-05,-0.0008058916806595616
9.45,1.3141519288546926,0.23541560940204295,5.381319430226085,1.5002074791912234,7.404484301720693e-05,1.5,0.0,0.00022029583193554548,-0.5928274709143453,0.09249643090033818,2.095074509369046,-7.732683902836902e-05,-0.0007617755624547067
9.5,1.3141496627782343,0.2354184759853438,5.381283426537657,1.5001961174821252,6.999147394073924e-05,1.5,0.0,0.00020823273810699136,-0.5953351952715621,0.07467265410423703,2.096858850758134,-7.308187828816866e-05,-0.0007200737685724124
9.55,1.314147521181551,0.23542118530241737,5.381249393825461,1.5001853779747865,6.615993277692134e-05,1.5,0.0,0.00019683020662737788,-0.5973071581369545,0.05678167695969603,2.0982591805866337,-6.907050125577719e-05,-0.0006806542439107281
9.6,1.314145497206434,0.2354237459965059,5.381217224218033,1.5001752265927322,6.253808619380297e-05,1.5,0.0,0.0001860520653615786,-0.5987415848770472,0.03883960013853847,2.099274980085238,-6.527979622935964e-05,-0.0006433921485561765
9.65,1.3141435843746843,0.23542616623419974,5.3811868157448135,1.5001656311260723,5.911446381401397e-05,1.5,0.0,0.00017586412299267949,-0.5996371846045953,0.02086257029885165,2.0999058666342925,-6.169757141679557e-05,-0.0006081694643942106
9.7,1.3141417765668284,0.2354284537318955,5.38115807201366,1.5001565611292247,5.587822206604143e-05,1.5,0.0,0.00016623406054527655,-0.5999931513402949,0.002866765554076041,2.1001515935459034,-5.831231414320534e-05,-0.0005748746230781923
9.75,1.3141400680020492,0.23543061578076735,5.38113090190595,1.5001479878242476,5.281910999938022e-05,1.5,0.0,0.0001571313288516146,-0.5998091647381109,-0.015131619086197364,2.1000120499085577,-5.5113152438273544e-05,-0.0005434021542094632
9.8,1.314138453219262,0.23543265927033705,5.381105219288318,1.5001398840094677,4.992743695608759e-05,1.5,0.0,0.00014852705162957548,-0.5990853903735666,-0.03311638629064577,2.099487260493572,-5.2089818856848534e-05,-0.0005136523526339575
9.85,1.3141369270592673,0.23543459071072292,5.381080942740127,1.500132223973122,4.71940420003758e-05,1.5,0.0,0.00014039393387365093,-0.5978224795947368,-0.051071350982722676,2.098577385722992,-4.9232616397798064e-05,-0.0004855309638312342
9.9,1.314135484647917,0.23543641625364345,5.381057995295806,1.5001249834117303,4.461026501004217e-05,1.5,0.0,0.00013270617525951031,-0.5960215689360787,-0.06898035490612685,2.097282721698837,-4.653238639284313e-05,-0.00045894888641347846
9.95,1.3141341213802338,0.2354381417122465,5.381036304201266,1.500118139352941,4.216791933991937e-05,1.5,0.0,0.00012543938829084927,-0.5936842790956268,-0.08682728116615084,2.0956037002939008,-4.398047824672469e-05,-0.0004338218908102184
10.0,1.3141328329054307,0.2354397725798311,5.381015800683603,1.5001116700826107,3.985926597416256e-05,1.5,0.0,0.00011857052093282098,-0.5908127134764756,-0.10459606873379093,2.093540889304605,-4.1568720917959734e-05,-0.00041007035326899295
10.05,1.314131615112775,0.2354413140475246,5.3809964197333855,1.500105555075874,3.7676989084273194e-05,1.5,0.0,0.00011207778347742453,-0.5874094562938574,-0.1222707268995924,2.091094992666705,-3.9289396035041386e-05,-0.0003876190043354279
10.1,1.3141304641182514,0.23544277102097472,5.380978099898834,1.5000997749319953,3.5614172918890796e-05,1.5,0.0,0.00010594057941773598,-0.5834775702495234,-0.13983534966421174,2.0882668507349327,-3.7135212551463696e-05,-0.0003663966910346214
10.15,1.3141293762519728,0.2354441481361118,5.380960783091234,1.5000943113127907,3.366427995246668e-05,1.5,0.0,0.00010013944010739482,-0.5790205937755196,-0.1572741300527352,2.0850574406280007,-3.509928284799219e-05,-0.00034633615201021977
10.2,1.3141283480463022,0.23544544977403445,5.380944414400988,1.5000891468844209,3.182113022351385e-05,1.5,0.0,9.465596299571928e-05,-0.574042537849835,-0.17457137433989753,2.081467876640651,-3.317510019629482e-05,-0.0003273738049148793
10.25,1.31412737622464,0.23544668007506747,5.3809289419237185,1.5000842652623771,3.0078881800094104e-05,1.5,0.0,8.947275324831351e-05,-0.5685478823867945,-0.1917115161733682,2.077499410724808,-3.135651750418076e-05,-0.00030944954539256363
10.3,1.3141264576908394,0.2354478429520391,5.3809143165958675,1.5000796509594814,2.843201230998127e-05,1.5,0.0,8.457336856421031e-05,-0.562541572205437,-0.208679130582421,2.0731534330421804,-2.96377272671203e-05,-0.0002925065570219907
10.35,1.3141255895192157,0.23544894210282127,5.380900492039286,1.5000752893367333,2.687530147704731e-05,1.5,0.0,7.994226701326624e-05,-0.5560290125795111,-0.22545894785936932,2.0684314725910093,-2.8013242655367934e-05,-0.00027649113162344946
10.4,1.3141247689451132,0.23544998102217435,5.380887424414317,1.500071166556853,2.5403814611635323e-05,1.5,0.0,7.556475773216371e-05,-0.5490160643730966,-0.24203586730126564,2.063335197910025,-2.647787967043007e-05,-0.0002613524993697072
10.45,1.3141239933560007,0.23545096301293542,5.380875072280909,1.500067269540367,2.4012887000240957e-05,1.5,0.0,7.142695431885387e-05,-0.5415090387662184,-0.2583949707995227,2.057866417863006,-2.5026740308888167e-05,-0.00024704266816508863
10.5,1.3141232602830621,0.23545189119658697,5.380863396467319,1.5000635859241034,2.269810914778958e-05,1.5,0.0,6.751573078154475e-05,-0.5335146915752141,-0.27452153626519754,2.0520270825077547,-2.365519667545058e-05,-0.0002335162717922509
10.55,1.314122567393257,0.23545276852324032,5.380852359946002,1.5000601040219559,2.145531282493618e-05,1.5,0.0,6.38186798961683e-05,-0.5250402171729539,-0.2904010508778805,2.045819284053657,-2.2358875989395115e-05,-0.0002207304263444211
10.6,1.3141219124818233,0.23545359778106695,5.380841927716277,1.5000568127878025,2.0280557877006e-05,1.5,0.0,6.0324073848580395e-05,-0.516093242014389,-0.3060192241462572,2.039245257912454,-2.1133646434304007e-05,-0.00020864459449830127
10.65,1.3141212934651971,0.23545438160520832,5.380832066693418,1.500053701780452,1.917011975327565e-05,1.5,0.0,5.702082702903805e-05,-0.5066818177732606,-0.3213620007685793,2.032307383847253,-1.9975603801463897e-05,-0.00019722045719639523
10.7,1.314120708374326,0.2354551224861932,5.380822745603801,1.5000507611305127,1.8120477716876415e-05,1.5,0.0,5.38984608650137e-05,-0.49681441409613225,-0.3364155732814948,2.025008187225278,-1.8881058881964487e-05,-0.0001864217923367702
10.75,1.314120155348354,0.23545582277789023,5.380813934885797,1.5000479815090757,1.7128303698987768e-05,1.5,0.0,5.094707058100899e-05,-0.4864999109802842,-0.351166394485827,2.017350340380366,-1.7846525564774706e-05,-0.0001762143600901011
10.8,1.3141196326286564,0.23545648470502123,5.380805606596073,1.5000453540981127,1.6190451761571856e-05,1.5,0.0,4.815729377631782e-05,-0.47574759078231343,-0.36560118963814153,2.0093366640916774,-1.686870959990227e-05,-0.00016656579447962364
10.85,1.3141191385532074,0.2354571103702601,5.380797734321029,1.5000428705624969,1.530394813556435e-05,1.5,0.0,4.552028072554912e-05,-0.464567129864637,-0.37970696839712265,2.0009701291856783,-1.594449798951597e-05,-0.00015744550088558353
10.9,1.3141186715512578,0.23545770176093994,5.380790293093072,1.5000405230235552,1.4465981803740702e-05,1.5,0.0,4.3027666304358286e-05,-0.45296858988742356,-0.3934710365139969,1.9922538582689961,-1.5070948970715122e-05,-0.0001488245591496604
10.95,1.3141182301383083,0.23545826075539047,5.380783259311473,1.5000383040340706,1.3673895598087515e-05,1.5,0.0,4.0671543453705876e-05,-0.44096240875377324,-0.4068810072565076,1.9831911276003609,-1.4245282556809574e-05,-0.00014067563197544408
11.0,1.3141178129113613,0.23545878912892607,5.3807766106675565,1.500036206554651,1.2925177782979747e-05,1.5,0.0,3.844443809478432e-05,-0.42855939121631415,-0.4199248125561315,1.9737853691104879,-1.3464871605050694e-05,-0.00013297287833267523
11.05,1.314117418544436,0.23545928855950382,5.380770326073977,1.5000342239313968,1.2217454099600067e-05,1.5,0.0,3.6339285421318096e-05,-0.4157706991536523,-0.4325907138685286,1.9640401725794312,-1.272723338163386e-05,-0.0001256918715979255
11.1,1.3141170457843294,0.23545976063307011,5.380764385597868,1.5000323498747874,1.1548480243928072e-05,1.5,0.0,3.4349407486951116e-05,-0.40260784152543155,-0.44486731273744196,1.9539592879816627,-1.2030021595462177e-05,-0.00011880952216790766
11.15,1.3141166934466146,0.23546020684861255,5.380758770397653,1.5000305784397256,1.0916134756844276e-05,1.5,0.0,3.246849202049085e-05,-0.3890826640150528,-0.4567435610525336,1.9435466280098972,-1.1371018874075288e-05,-0.00011230400430319989
11.2,1.3141163604118573,0.23546062862293402,5.3807534626633045,1.5000289040066777,1.0318412302673385e-05,1.5,0.0,3.0690572403750774e-05,-0.37520733836935155,-0.46820877099194425,1.9328062707894735,-1.0748129657753588e-05,-0.00010615468697425911
11.25,1.3141160456220429,0.23546102729516385,5.38074844555988,1.5000273212638413,9.753417314795065e-06,1.5,0.0,2.901000874186078e-05,-0.36099435144485353,-0.47925262464060603,1.9217424627959914,-1.0159373487203837e-05,-0.00010034206848563652
11.3,1.3141157480772003,0.23546140413102098,5.380743703174146,1.5000258251902947,9.219357989642685e-06,1.5,0.0,2.742146997334114e-05,-0.3464564939704436,-0.48986518327567224,1.9103596219897723,-9.602878663409146e-06,-9.484771467727009e-05
11.35,1.3141154668322121,0.23546176032684235,5.380739220464121,1.5000244110400667,8.714540608051324e-06,1.5,0.0,2.5919916958704686e-05,-0.33160684903657117,-0.5000368963106989,1.8986623411817038,-9.076876258869217e-06,-8.96542005049229e-05
11.4,1.3141152009938004,0.2354620970133901,5.38073498321138,1.5000230743270786,8.237364167829053e-06,1.5,0.0,2.450058649427736e-05,-0.3164587803213576,-0.5097586098905232,1.8866553916460234,-8.579694459980675e-06,-8.474505481474945e-05
11.45,1.3141149497176792,0.23546241525944925,5.380730977975973,1.5000218108109125,7.786315309898928e-06,1.5,0.0,2.3158976202851015e-05,-0.3010259200641808,-0.5190215751291206,1.8743437269966614,-8.109753222558027e-06,-8.010470813947035e-05
11.5,1.3141147122058627,0.2354627160752277,5.380727192053805,1.500020616483358,7.359963521552659e-06,1.5,0.0,2.189083025130161e-05,-0.28532215679758616,-0.5278174559830071,1.8617324873449137,-7.665559222999414e-06,-7.571844335000376e-05
11.55,1.314114487704124,0.2354630004155694,5.380723613436355,1.5000194875556958,6.956956602466313e-06,1.5,0.0,2.0692125849361034e-05,-0.2693616228485424,-0.5361383367531178,1.84882700375736,-7.245701088142847e-06,-7.157234900565941e-05
11.6,1.3141142754995907,0.23546326918299088,5.380720230772591,1.5000184204466784,6.576016378656568e-06,1.5,0.0,1.95590604898457e-05,-0.2531586816202982,-0.5439767292084032,1.8356328030342126,-6.848844889001285e-06,-6.765327525811595e-05
11.65,1.3141140749184759,0.23546352323055117,5.380717033332983,1.5000174117711669,6.215934650527499e-06,1.5,0.0,1.8488039883861645e-05,-0.236727914666295,-0.5513255793247284,1.8221556128295675,-6.473729882690989e-06,-6.394879216455447e-05
11.7,1.314113885323932,0.23546376336456393,5.380714010975469,1.5000164583293936,5.875569363211763e-06,1.5,0.0,1.7475666561507654e-05,-0.22008410856774605,-0.5581782736330219,1.808401367136359,-6.119164490006197e-06,-6.044715028521724e-05
11.75,1.3141137061140236,0.23546399034716067,5.380711154113297,1.50001555709681,5.553840985911274e-06,1.5,0.0,1.6518729093037544e-05,-0.20324224162671778,-0.5645286451709487,1.7943762121602491,-5.784022494497382e-06,-5.713724343461462e-05
11.8,1.314113536719811,0.2354642048987133,5.3807084536846235,1.500014705214491,5.249729089773503e-06,1.5,0.0,1.5614191901660107e-05,-0.1862174703866662,-0.5703709790327617,1.780086512608082,-5.4672394510938004e-06,-5.400857347126409e-05
11.85,1.31411337660354,0.23546440770012367,5.380705901123773,1.500013899980066,4.962269112535056e-06,1.5,0.0,1.4759185634116132e-05,-0.16902511599256778,-0.5757000175123317,1.765538858418033,-5.167809292830323e-06,-5.105121701403965e-05
11.9,1.3141132252569316,0.23546459939498732,5.380703488334074,1.5000131388391447,4.690549300578883e-06,1.5,0.0,1.3950998057865835e-05,-0.15168065040293013,-0.5805109648347256,1.750740071960081,-4.884781124296894e-06,-4.8255793979202824e-05
11.95,1.3141130821995641,0.23546478059163867,5.380701207662182,1.5000124193772153,4.433707818302102e-06,1.5,0.0,1.3187065459532423e-05,-0.13419968246606556,-0.5847994914720832,1.7356972157369077,-4.6172561923037716e-06,-4.561343784189156e-05
